FILE,MD5SUM,TIMESTAMP
/bin/python3,9822d4931aea8fb83f794d2d54c3c992,REDACTED
DECIMAL,HEXADECIMAL,ENTROPY
0,0,0.665533
3072,3072,0.460081
6144,6144,0.888921
9216,9216,0.991488
12288,12288,0.992656
15360,15360,0.182958
18432,18432,0.147130
21504,21504,0.146221
24576,24576,0.244235
27648,27648,0.403209
30720,30720,0.399994
33792,33792,0.399296
36864,36864,0.399518
39936,39936,0.396573
43008,43008,0.402552
46080,46080,0.401411
49152,49152,0.404299
52224,52224,0.399575
55296,55296,0.404021
58368,58368,0.405064
61440,61440,0.403182
64512,64512,0.399371
67584,67584,0.399191
70656,70656,0.403138
73728,73728,0.402032
76800,76800,0.572194
79872,79872,0.598361
82944,82944,0.609582
86016,86016,0.619102
89088,89088,0.615546
92160,92160,0.618330
95232,95232,0.618219
98304,98304,0.614564
101376,101376,0.615976
104448,104448,0.607862
107520,107520,0.617674
110592,110592,0.614520
113664,113664,0.618849
116736,116736,0.614933
119808,119808,0.621370
122880,122880,0.463375
125952,125952,0.131367
129024,129024,0.283938
132096,132096,0.227232
135168,135168,0.240459
138240,138240,0.252690
141312,141312,0.295830
144384,144384,0.548398
147456,147456,0.576582
150528,150528,0.543940
153600,153600,0.504385
156672,156672,0.624076
159744,159744,0.811181
162816,162816,0.784245
165888,165888,0.798208
168960,168960,0.756244
172032,172032,0.800909
175104,175104,0.774380
178176,178176,0.794169
181248,181248,0.775918
184320,184320,0.780305
187392,187392,0.797675
190464,190464,0.786415
193536,193536,0.789281
196608,196608,0.796919
199680,199680,0.773167
202752,202752,0.682909
205824,205824,0.749341
208896,208896,0.737917
211968,211968,0.750288
215040,215040,0.739172
218112,218112,0.742133
221184,221184,0.763423
224256,224256,0.744842
227328,227328,0.743899
230400,230400,0.779604
233472,233472,0.789144
236544,236544,0.801474
239616,239616,0.802206
242688,242688,0.805745
245760,245760,0.796345
248832,248832,0.807108
251904,251904,0.799561
254976,254976,0.798021
258048,258048,0.779721
261120,261120,0.800423
264192,264192,0.818543
267264,267264,0.817047
270336,270336,0.817649
273408,273408,0.802546
276480,276480,0.808822
279552,279552,0.777304
282624,282624,0.791744
285696,285696,0.796252
288768,288768,0.802235
291840,291840,0.791343
294912,294912,0.764220
297984,297984,0.769099
301056,301056,0.780732
304128,304128,0.795219
307200,307200,0.822759
310272,310272,0.795037
313344,313344,0.784563
316416,316416,0.805347
319488,319488,0.797370
322560,322560,0.766170
325632,325632,0.790094
328704,328704,0.797277
331776,331776,0.805318
334848,334848,0.794142
337920,337920,0.766341
340992,340992,0.798834
344064,344064,0.801299
347136,347136,0.812329
350208,350208,0.695138
353280,353280,0.685855
356352,356352,0.689108
359424,359424,0.807862
362496,362496,0.787693
365568,365568,0.793474
368640,368640,0.742355
371712,371712,0.756833
374784,374784,0.795576
377856,377856,0.796034
380928,380928,0.778015
384000,384000,0.811247
387072,387072,0.797424
390144,390144,0.807269
393216,393216,0.803996
396288,396288,0.797435
399360,399360,0.796539
402432,402432,0.806187
405504,405504,0.810337
408576,408576,0.796745
411648,411648,0.798978
414720,414720,0.840017
417792,417792,0.804843
420864,420864,0.769492
423936,423936,0.802337
427008,427008,0.800989
430080,430080,0.782362
433152,433152,0.789465
436224,436224,0.792941
439296,439296,0.786908
442368,442368,0.808276
445440,445440,0.813853
448512,448512,0.797427
451584,451584,0.764882
454656,454656,0.805679
457728,457728,0.590335
460800,460800,0.581508
463872,463872,0.581096
466944,466944,0.807650
470016,470016,0.811106
473088,473088,0.790382
476160,476160,0.767973
479232,479232,0.787881
482304,482304,0.812397
485376,485376,0.813873
488448,488448,0.803864
491520,491520,0.809422
494592,494592,0.806668
497664,497664,0.807124
500736,500736,0.794128
503808,503808,0.788242
506880,506880,0.799349
509952,509952,0.800578
513024,513024,0.767878
516096,516096,0.781717
519168,519168,0.776809
522240,522240,0.776261
525312,525312,0.738575
528384,528384,0.777547
531456,531456,0.767200
534528,534528,0.796890
537600,537600,0.770082
540672,540672,0.794799
543744,543744,0.793098
546816,546816,0.790638
549888,549888,0.783910
552960,552960,0.802057
556032,556032,0.789668
559104,559104,0.792012
562176,562176,0.734967
565248,565248,0.793677
568320,568320,0.768402
571392,571392,0.797271
574464,574464,0.789096
577536,577536,0.799940
580608,580608,0.803401
583680,583680,0.797266
586752,586752,0.788672
589824,589824,0.816393
592896,592896,0.814571
595968,595968,0.794434
599040,599040,0.810800
602112,602112,0.804595
605184,605184,0.788552
608256,608256,0.790761
611328,611328,0.776998
614400,614400,0.772279
617472,617472,0.797953
620544,620544,0.808156
623616,623616,0.808613
626688,626688,0.792981
629760,629760,0.759001
632832,632832,0.784097
635904,635904,0.806228
638976,638976,0.792133
642048,642048,0.785675
645120,645120,0.798979
648192,648192,0.795351
651264,651264,0.810009
654336,654336,0.777893
657408,657408,0.777233
660480,660480,0.809777
663552,663552,0.786480
666624,666624,0.767964
669696,669696,0.793405
672768,672768,0.793054
675840,675840,0.778803
678912,678912,0.789105
681984,681984,0.765521
685056,685056,0.775782
688128,688128,0.769172
691200,691200,0.772121
694272,694272,0.740999
697344,697344,0.744102
700416,700416,0.695871
703488,703488,0.694509
706560,706560,0.790752
709632,709632,0.779226
712704,712704,0.795885
715776,715776,0.761109
718848,718848,0.765245
721920,721920,0.803868
724992,724992,0.790923
728064,728064,0.780648
731136,731136,0.771682
734208,734208,0.751788
737280,737280,0.776117
740352,740352,0.793032
743424,743424,0.802277
746496,746496,0.810321
749568,749568,0.782453
752640,752640,0.777162
755712,755712,0.795658
758784,758784,0.783527
761856,761856,0.815007
764928,764928,0.784595
768000,768000,0.779805
771072,771072,0.726732
774144,774144,0.767836
777216,777216,0.811180
780288,780288,0.788141
783360,783360,0.798359
786432,786432,0.782029
789504,789504,0.787472
792576,792576,0.795375
795648,795648,0.801446
798720,798720,0.764143
801792,801792,0.768493
804864,804864,0.780151
807936,807936,0.806712
811008,811008,0.775268
814080,814080,0.798080
817152,817152,0.784315
820224,820224,0.785753
823296,823296,0.818053
826368,826368,0.805795
829440,829440,0.788045
832512,832512,0.811713
835584,835584,0.785843
838656,838656,0.800424
841728,841728,0.793994
844800,844800,0.797309
847872,847872,0.801111
850944,850944,0.785042
854016,854016,0.798226
857088,857088,0.792380
860160,860160,0.776835
863232,863232,0.790206
866304,866304,0.786733
869376,869376,0.794738
872448,872448,0.794670
875520,875520,0.761626
878592,878592,0.801645
881664,881664,0.778404
884736,884736,0.789137
887808,887808,0.791569
890880,890880,0.766129
893952,893952,0.734961
897024,897024,0.795574
900096,900096,0.781233
903168,903168,0.810493
906240,906240,0.804756
909312,909312,0.792651
912384,912384,0.810788
915456,915456,0.788469
918528,918528,0.797466
921600,921600,0.793505
924672,924672,0.767022
927744,927744,0.792279
930816,930816,0.795943
933888,933888,0.787667
936960,936960,0.820246
940032,940032,0.796800
943104,943104,0.812999
946176,946176,0.807604
949248,949248,0.787248
952320,952320,0.777660
955392,955392,0.797642
958464,958464,0.794337
961536,961536,0.813555
964608,964608,0.808666
967680,967680,0.798884
970752,970752,0.796484
973824,973824,0.767243
976896,976896,0.814306
979968,979968,0.773012
983040,983040,0.789086
986112,986112,0.794565
989184,989184,0.798874
992256,992256,0.792559
995328,995328,0.793933
998400,998400,0.773426
1001472,1001472,0.777091
1004544,1004544,0.781289
1007616,1007616,0.773624
1010688,1010688,0.771188
1013760,1013760,0.792156
1016832,1016832,0.783684
1019904,1019904,0.760387
1022976,1022976,0.774610
1026048,1026048,0.776422
1029120,1029120,0.785148
1032192,1032192,0.781217
1035264,1035264,0.798448
1038336,1038336,0.787599
1041408,1041408,0.761872
1044480,1044480,0.787215
1047552,1047552,0.773190
1048576,1048576,0.767782
1051648,1051648,0.788982
1054720,1054720,0.788391
1057792,1057792,0.767402
1060864,1060864,0.786101
1063936,1063936,0.789713
1067008,1067008,0.797676
1070080,1070080,0.777692
1073152,1073152,0.784316
1076224,1076224,0.780672
1079296,1079296,0.770450
1082368,1082368,0.782882
1085440,1085440,0.779374
1088512,1088512,0.791866
1091584,1091584,0.765324
1094656,1094656,0.788121
1097728,1097728,0.790813
1100800,1100800,0.801866
1103872,1103872,0.782740
1106944,1106944,0.791956
1110016,1110016,0.775586
1113088,1113088,0.796170
1116160,1116160,0.784505
1119232,1119232,0.782570
1122304,1122304,0.787759
1125376,1125376,0.774959
1128448,1128448,0.798915
1131520,1131520,0.769696
1134592,1134592,0.768374
1137664,1137664,0.766014
1140736,1140736,0.759784
1143808,1143808,0.792808
1146880,1146880,0.785438
1149952,1149952,0.767243
1153024,1153024,0.765470
1156096,1156096,0.793169
1159168,1159168,0.802421
1162240,1162240,0.811410
1165312,1165312,0.796141
1168384,1168384,0.783150
1171456,1171456,0.774746
1174528,1174528,0.795549
1177600,1177600,0.763763
1180672,1180672,0.781477
1183744,1183744,0.743372
1186816,1186816,0.784078
1189888,1189888,0.772096
1192960,1192960,0.794165
1196032,1196032,0.788359
1199104,1199104,0.776041
1202176,1202176,0.782039
1205248,1205248,0.785380
1208320,1208320,0.777293
1211392,1211392,0.790677
1214464,1214464,0.787823
1217536,1217536,0.803450
1220608,1220608,0.783300
1223680,1223680,0.795532
1226752,1226752,0.782124
1229824,1229824,0.786417
1232896,1232896,0.785118
1235968,1235968,0.797780
1239040,1239040,0.802949
1242112,1242112,0.785233
1245184,1245184,0.786589
1248256,1248256,0.793022
1251328,1251328,0.782037
1254400,1254400,0.782828
1257472,1257472,0.787108
1260544,1260544,0.739263
1263616,1263616,0.779975
1266688,1266688,0.782131
1269760,1269760,0.771229
1272832,1272832,0.805647
1275904,1275904,0.786515
1278976,1278976,0.782923
1282048,1282048,0.764492
1285120,1285120,0.762066
1288192,1288192,0.788318
1291264,1291264,0.799955
1294336,1294336,0.785796
1297408,1297408,0.806343
1300480,1300480,0.816335
1303552,1303552,0.811975
1306624,1306624,0.792774
1309696,1309696,0.790542
1312768,1312768,0.797221
1315840,1315840,0.791628
1318912,1318912,0.797949
1321984,1321984,0.785488
1325056,1325056,0.787113
1328128,1328128,0.788581
1331200,1331200,0.778280
1334272,1334272,0.785755
1337344,1337344,0.771640
1340416,1340416,0.780673
1343488,1343488,0.774987
1346560,1346560,0.783439
1349632,1349632,0.779443
1352704,1352704,0.799677
1355776,1355776,0.810615
1358848,1358848,0.777652
1361920,1361920,0.788875
1364992,1364992,0.779972
1368064,1368064,0.781550
1371136,1371136,0.768775
1374208,1374208,0.766706
1377280,1377280,0.766706
1380352,1380352,0.771910
1383424,1383424,0.794398
1386496,1386496,0.795014
1389568,1389568,0.798857
1392640,1392640,0.773194
1395712,1395712,0.766915
1398784,1398784,0.784792
1401856,1401856,0.748169
1404928,1404928,0.746578
1408000,1408000,0.766819
1411072,1411072,0.742584
1414144,1414144,0.738299
1417216,1417216,0.745577
1420288,1420288,0.795214
1423360,1423360,0.780679
1426432,1426432,0.776243
1429504,1429504,0.786001
1432576,1432576,0.784709
1435648,1435648,0.784804
1438720,1438720,0.766579
1441792,1441792,0.790379
1444864,1444864,0.776150
1447936,1447936,0.782701
1451008,1451008,0.788943
1454080,1454080,0.790691
1457152,1457152,0.792987
1460224,1460224,0.765209
1463296,1463296,0.774619
1466368,1466368,0.784117
1469440,1469440,0.795842
1472512,1472512,0.785312
1475584,1475584,0.801409
1478656,1478656,0.758216
1481728,1481728,0.768601
1484800,1484800,0.791630
1487872,1487872,0.783996
1490944,1490944,0.778348
1494016,1494016,0.781513
1497088,1497088,0.784537
1500160,1500160,0.773799
1503232,1503232,0.791561
1506304,1506304,0.788292
1509376,1509376,0.793643
1512448,1512448,0.775602
1515520,1515520,0.787897
1518592,1518592,0.792936
1521664,1521664,0.811804
1524736,1524736,0.790185
1527808,1527808,0.786828
1530880,1530880,0.788046
1533952,1533952,0.806374
1537024,1537024,0.786741
1540096,1540096,0.764945
1543168,1543168,0.772785
1546240,1546240,0.803226
1549312,1549312,0.783622
1552384,1552384,0.802210
1555456,1555456,0.795316
1558528,1558528,0.769920
1561600,1561600,0.779215
1564672,1564672,0.774279
1567744,1567744,0.790817
1570816,1570816,0.777652
1573888,1573888,0.804498
1576960,1576960,0.786090
1580032,1580032,0.790593
1583104,1583104,0.793882
1586176,1586176,0.795312
1589248,1589248,0.784338
1592320,1592320,0.779038
1595392,1595392,0.793528
1598464,1598464,0.786878
1601536,1601536,0.778278
1604608,1604608,0.786911
1607680,1607680,0.797211
1610752,1610752,0.809734
1613824,1613824,0.798755
1616896,1616896,0.782086
1619968,1619968,0.782455
1623040,1623040,0.794398
1626112,1626112,0.795993
1629184,1629184,0.792378
1632256,1632256,0.804395
1635328,1635328,0.781123
1638400,1638400,0.793029
1641472,1641472,0.802377
1644544,1644544,0.798667
1647616,1647616,0.807064
1650688,1650688,0.778602
1653760,1653760,0.766033
1656832,1656832,0.791452
1659904,1659904,0.805213
1662976,1662976,0.809503
1666048,1666048,0.799697
1669120,1669120,0.787472
1672192,1672192,0.793591
1675264,1675264,0.776198
1678336,1678336,0.774696
1681408,1681408,0.773240
1684480,1684480,0.783276
1687552,1687552,0.775856
1690624,1690624,0.789477
1693696,1693696,0.773721
1696768,1696768,0.786707
1699840,1699840,0.775309
1702912,1702912,0.720104
1705984,1705984,0.734774
1709056,1709056,0.764492
1712128,1712128,0.767711
1715200,1715200,0.793498
1718272,1718272,0.782164
1721344,1721344,0.766133
1724416,1724416,0.802417
1727488,1727488,0.769105
1730560,1730560,0.767381
1733632,1733632,0.773168
1736704,1736704,0.762049
1739776,1739776,0.786088
1742848,1742848,0.791467
1745920,1745920,0.789401
1748992,1748992,0.791284
1752064,1752064,0.793599
1755136,1755136,0.782129
1758208,1758208,0.798764
1761280,1761280,0.798444
1764352,1764352,0.793965
1767424,1767424,0.791163
1770496,1770496,0.779893
1773568,1773568,0.794956
1776640,1776640,0.792000
1779712,1779712,0.782256
1782784,1782784,0.783798
1785856,1785856,0.775922
1788928,1788928,0.773993
1792000,1792000,0.794510
1795072,1795072,0.791063
1798144,1798144,0.795126
1801216,1801216,0.786244
1804288,1804288,0.789389
1807360,1807360,0.796043
1810432,1810432,0.788533
1813504,1813504,0.790801
1816576,1816576,0.799511
1819648,1819648,0.771703
1822720,1822720,0.775103
1825792,1825792,0.765727
1828864,1828864,0.782955
1831936,1831936,0.770344
1835008,1835008,0.774552
1838080,1838080,0.764220
1841152,1841152,0.774190
1844224,1844224,0.781002
1847296,1847296,0.766202
1850368,1850368,0.804111
1853440,1853440,0.799880
1856512,1856512,0.785926
1859584,1859584,0.781142
1862656,1862656,0.790637
1865728,1865728,0.794095
1868800,1868800,0.788445
1871872,1871872,0.790926
1874944,1874944,0.791886
1878016,1878016,0.796106
1881088,1881088,0.790112
1884160,1884160,0.773132
1887232,1887232,0.785048
1890304,1890304,0.770769
1893376,1893376,0.779274
1896448,1896448,0.776793
1899520,1899520,0.775021
1902592,1902592,0.775492
1905664,1905664,0.773532
1908736,1908736,0.775154
1911808,1911808,0.787880
1914880,1914880,0.789400
1917952,1917952,0.807698
1921024,1921024,0.817620
1924096,1924096,0.792275
1927168,1927168,0.780557
1930240,1930240,0.799040
1933312,1933312,0.798580
1936384,1936384,0.777199
1939456,1939456,0.765092
1942528,1942528,0.787758
1945600,1945600,0.761243
1948672,1948672,0.780774
1951744,1951744,0.793391
1954816,1954816,0.797163
1957888,1957888,0.800038
1960960,1960960,0.812877
1964032,1964032,0.790968
1967104,1967104,0.807571
1970176,1970176,0.813265
1973248,1973248,0.809513
1976320,1976320,0.795294
1979392,1979392,0.803218
1982464,1982464,0.792690
1985536,1985536,0.800328
1988608,1988608,0.792123
1991680,1991680,0.799900
1994752,1994752,0.785365
1997824,1997824,0.787006
2000896,2000896,0.778862
2003968,2003968,0.781518
2007040,2007040,0.783337
2010112,2010112,0.793937
2013184,2013184,0.813996
2016256,2016256,0.789098
2019328,2019328,0.797280
2022400,2022400,0.774236
2025472,2025472,0.780584
2028544,2028544,0.794416
2031616,2031616,0.782663
2034688,2034688,0.792923
2037760,2037760,0.802461
2040832,2040832,0.786049
2043904,2043904,0.789227
2046976,2046976,0.776055
2050048,2050048,0.761728
2053120,2053120,0.737981
2056192,2056192,0.777925
2059264,2059264,0.785096
2062336,2062336,0.782917
2065408,2065408,0.803726
2068480,2068480,0.784136
2071552,2071552,0.805134
2074624,2074624,0.630395
2077696,2077696,0.690737
2080768,2080768,0.800620
2083840,2083840,0.806045
2086912,2086912,0.779922
2089984,2089984,0.783911
2093056,2093056,0.771599
2096128,2096128,0.791857
2097152,2097152,0.790389
2100224,2100224,0.792036
2103296,2103296,0.799395
2106368,2106368,0.792991
2109440,2109440,0.798843
2112512,2112512,0.785330
2115584,2115584,0.753156
2118656,2118656,0.736227
2121728,2121728,0.745673
2124800,2124800,0.741422
2127872,2127872,0.737748
2130944,2130944,0.743033
2134016,2134016,0.747120
2137088,2137088,0.740835
2140160,2140160,0.779231
2143232,2143232,0.769700
2146304,2146304,0.763171
2149376,2149376,0.741280
2152448,2152448,0.723199
2155520,2155520,0.751983
2158592,2158592,0.700991
2161664,2161664,0.764320
2164736,2164736,0.705990
2167808,2167808,0.772796
2170880,2170880,0.774753
2173952,2173952,0.785612
2177024,2177024,0.785865
2180096,2180096,0.789327
2183168,2183168,0.784290
2186240,2186240,0.803598
2189312,2189312,0.818772
2192384,2192384,0.795121
2195456,2195456,0.795849
2198528,2198528,0.781922
2201600,2201600,0.778584
2204672,2204672,0.793918
2207744,2207744,0.790971
2210816,2210816,0.778708
2213888,2213888,0.808384
2216960,2216960,0.795845
2220032,2220032,0.790815
2223104,2223104,0.766506
2226176,2226176,0.786556
2229248,2229248,0.776440
2232320,2232320,0.788526
2235392,2235392,0.646648
2238464,2238464,0.655570
2241536,2241536,0.803642
2244608,2244608,0.708683
2247680,2247680,0.699956
2250752,2250752,0.776661
2253824,2253824,0.786285
2256896,2256896,0.790925
2259968,2259968,0.784164
2263040,2263040,0.761142
2266112,2266112,0.694859
2269184,2269184,0.686047
2272256,2272256,0.683956
2275328,2275328,0.680712
2278400,2278400,0.686887
2281472,2281472,0.683522
2284544,2284544,0.739914
2287616,2287616,0.686612
2290688,2290688,0.683002
2293760,2293760,0.680837
2296832,2296832,0.685449
2299904,2299904,0.686038
2302976,2302976,0.796372
2306048,2306048,0.809435
2309120,2309120,0.767276
2312192,2312192,0.697343
2315264,2315264,0.807259
2318336,2318336,0.777739
2321408,2321408,0.803249
2324480,2324480,0.711994
2327552,2327552,0.711705
2330624,2330624,0.799270
2333696,2333696,0.795897
2336768,2336768,0.793645
2339840,2339840,0.662873
2342912,2342912,0.800336
2345984,2345984,0.777413
2349056,2349056,0.775105
2352128,2352128,0.773574
2355200,2355200,0.777320
2358272,2358272,0.804693
2361344,2361344,0.806585
2364416,2364416,0.801347
2367488,2367488,0.796938
2370560,2370560,0.778270
2373632,2373632,0.786405
2376704,2376704,0.796984
2379776,2379776,0.776980
2382848,2382848,0.783280
2385920,2385920,0.768850
2388992,2388992,0.798806
2392064,2392064,0.782007
2395136,2395136,0.792184
2398208,2398208,0.761919
2401280,2401280,0.718280
2404352,2404352,0.682822
2407424,2407424,0.817140
2410496,2410496,0.756556
2413568,2413568,0.788347
2416640,2416640,0.778167
2419712,2419712,0.776125
2422784,2422784,0.782252
2425856,2425856,0.787893
2428928,2428928,0.806938
2432000,2432000,0.811921
2435072,2435072,0.790034
2438144,2438144,0.784822
2441216,2441216,0.807339
2444288,2444288,0.808078
2447360,2447360,0.784950
2450432,2450432,0.765823
2453504,2453504,0.786786
2456576,2456576,0.777583
2459648,2459648,0.795630
2462720,2462720,0.808293
2465792,2465792,0.774421
2468864,2468864,0.779873
2471936,2471936,0.796977
2475008,2475008,0.757093
2478080,2478080,0.763750
2481152,2481152,0.774024
2484224,2484224,0.774632
2487296,2487296,0.782828
2490368,2490368,0.782340
2493440,2493440,0.763687
2496512,2496512,0.791985
2499584,2499584,0.792802
2502656,2502656,0.783682
2505728,2505728,0.773305
2508800,2508800,0.786665
2511872,2511872,0.787823
2514944,2514944,0.774024
2518016,2518016,0.779561
2521088,2521088,0.783517
2524160,2524160,0.798240
2527232,2527232,0.817068
2530304,2530304,0.798263
2533376,2533376,0.795960
2536448,2536448,0.793628
2539520,2539520,0.807522
2542592,2542592,0.798897
2545664,2545664,0.793767
2548736,2548736,0.784198
2551808,2551808,0.792032
2554880,2554880,0.768237
2557952,2557952,0.760306
2561024,2561024,0.770536
2564096,2564096,0.786446
2567168,2567168,0.798902
2570240,2570240,0.775426
2573312,2573312,0.785046
2576384,2576384,0.805874
2579456,2579456,0.803577
2582528,2582528,0.812811
2585600,2585600,0.801848
2588672,2588672,0.785452
2591744,2591744,0.778012
2594816,2594816,0.778268
2597888,2597888,0.801812
2600960,2600960,0.771219
2604032,2604032,0.797547
2607104,2607104,0.774101
2610176,2610176,0.782695
2613248,2613248,0.763150
2616320,2616320,0.795872
2619392,2619392,0.784688
2622464,2622464,0.748068
2625536,2625536,0.764936
2628608,2628608,0.752087
2631680,2631680,0.747270
2634752,2634752,0.765461
2637824,2637824,0.783898
2640896,2640896,0.793118
2643968,2643968,0.795331
2647040,2647040,0.789065
2650112,2650112,0.770837
2653184,2653184,0.788629
2656256,2656256,0.797106
2659328,2659328,0.781007
2662400,2662400,0.784587
2665472,2665472,0.796465
2668544,2668544,0.804307
2671616,2671616,0.788415
2674688,2674688,0.783586
2677760,2677760,0.785024
2680832,2680832,0.733699
2683904,2683904,0.607888
2686976,2686976,0.611334
2690048,2690048,0.718382
2693120,2693120,0.798742
2696192,2696192,0.803103
2699264,2699264,0.771407
2702336,2702336,0.799483
2705408,2705408,0.804767
2708480,2708480,0.787531
2711552,2711552,0.789818
2714624,2714624,0.795302
2717696,2717696,0.795267
2720768,2720768,0.802086
2723840,2723840,0.813306
2726912,2726912,0.799129
2729984,2729984,0.819399
2733056,2733056,0.793924
2736128,2736128,0.806764
2739200,2739200,0.805026
2742272,2742272,0.811499
2745344,2745344,0.795135
2748416,2748416,0.794294
2751488,2751488,0.789692
2754560,2754560,0.785757
2757632,2757632,0.790114
2760704,2760704,0.778887
2763776,2763776,0.801945
2766848,2766848,0.786453
2769920,2769920,0.789594
2772992,2772992,0.787583
2776064,2776064,0.792705
2779136,2779136,0.795347
2782208,2782208,0.811934
2785280,2785280,0.793706
2788352,2788352,0.798493
2791424,2791424,0.785634
2794496,2794496,0.799236
2797568,2797568,0.784186
2800640,2800640,0.793051
2803712,2803712,0.804269
2806784,2806784,0.800688
2809856,2809856,0.815963
2812928,2812928,0.758173
2816000,2816000,0.804753
2819072,2819072,0.789310
2822144,2822144,0.778724
2825216,2825216,0.775997
2828288,2828288,0.805078
2831360,2831360,0.776282
2834432,2834432,0.801011
2837504,2837504,0.795334
2840576,2840576,0.780640
2843648,2843648,0.785945
2846720,2846720,0.340704
2849792,2849792,0.475585
2852864,2852864,0.597474
2855936,2855936,0.560160
2859008,2859008,0.613959
2862080,2862080,0.569229
2865152,2865152,0.570980
2868224,2868224,0.564778
2871296,2871296,0.576325
2874368,2874368,0.593973
2877440,2877440,0.580903
2880512,2880512,0.564322
2883584,2883584,0.569414
2886656,2886656,0.575516
2889728,2889728,0.531651
2892800,2892800,0.587080
2895872,2895872,0.576859
2898944,2898944,0.605438
2902016,2902016,0.579585
2905088,2905088,0.576450
2908160,2908160,0.596442
2911232,2911232,0.588318
2914304,2914304,0.576786
2917376,2917376,0.583175
2920448,2920448,0.592898
2923520,2923520,0.610336
2926592,2926592,0.536401
2929664,2929664,0.606586
2932736,2932736,0.596940
2935808,2935808,0.604114
2938880,2938880,0.594600
2941952,2941952,0.588698
2945024,2945024,0.604471
2948096,2948096,0.335590
2951168,2951168,0.598468
2954240,2954240,0.562981
2957312,2957312,0.558533
2960384,2960384,0.560397
2963456,2963456,0.562823
2966528,2966528,0.550150
2969600,2969600,0.561155
2972672,2972672,0.592853
2975744,2975744,0.594104
2978816,2978816,0.602656
2981888,2981888,0.584304
2984960,2984960,0.710759
2988032,2988032,0.600864
2991104,2991104,0.619010
2994176,2994176,0.686176
2997248,2997248,0.642259
3000320,3000320,0.579957
3003392,3003392,0.585206
3006464,3006464,0.597943
3009536,3009536,0.597247
3012608,3012608,0.555309
3015680,3015680,0.134255
3018752,3018752,0.135479
3021824,3021824,0.179203
3024896,3024896,0.116628
3027968,3027968,0.129587
3031040,3031040,0.134098
3034112,3034112,0.119571
3037184,3037184,0.122988
3040256,3040256,0.123518
3043328,3043328,0.129161
3046400,3046400,0.214811
3049472,3049472,0.000000
3052544,3052544,0.101542
3055616,3055616,0.338518
3058688,3058688,0.402586
3061760,3061760,0.149842
3064832,3064832,0.040554
3067904,3067904,0.539457
3070976,3070976,0.300120
3074048,3074048,0.531592
3077120,3077120,0.778220
3080192,3080192,0.412853
3083264,3083264,0.684080
3086336,3086336,0.170842
3089408,3089408,0.000000
3092480,3092480,0.000000
3095552,3095552,0.287139
3098624,3098624,0.384385
3101696,3101696,0.315458
3104768,3104768,0.319917
3107840,3107840,0.348739
3110912,3110912,0.414336
3113984,3113984,0.380872
3117056,3117056,0.422110
3120128,3120128,0.381610
3123200,3123200,0.401689
3126272,3126272,0.398486
3129344,3129344,0.360615
3132416,3132416,0.393798
3135488,3135488,0.389554
3138560,3138560,0.282450
3141632,3141632,0.342995
3144704,3144704,0.350473
3145728,3145728,0.384868
3148800,3148800,0.408746
3151872,3151872,0.269738
3154944,3154944,0.209863
3158016,3158016,0.210993
3161088,3161088,0.194566
3164160,3164160,0.155178
3167232,3167232,0.089371
3170304,3170304,0.090079
3173376,3173376,0.323786
3176448,3176448,0.426359
3179520,3179520,0.327092
3182592,3182592,0.281110
3185664,3185664,0.215279
3188736,3188736,0.299107
3191808,3191808,0.393639
3194880,3194880,0.317723
3197952,3197952,0.350655
3201024,3201024,0.339152
3204096,3204096,0.304933
3207168,3207168,0.354121
3210240,3210240,0.342365
3213312,3213312,0.243008
3216384,3216384,0.270072
3219456,3219456,0.209273
3222528,3222528,0.165688
3225600,3225600,0.201884
3228672,3228672,0.247197
3231744,3231744,0.297584
3234816,3234816,0.282286
3237888,3237888,0.174345
3240960,3240960,0.294694
3244032,3244032,0.294615
3247104,3247104,0.125000
3250176,3250176,0.125000
3253248,3253248,0.125000
3256320,3256320,0.161560
3259392,3259392,0.474110
3262464,3262464,0.574816
3265536,3265536,0.557253
3268608,3268608,0.583670
3271680,3271680,0.550107
3274752,3274752,0.579484
3277824,3277824,0.555586
3280896,3280896,0.542307
3283968,3283968,0.569739
3287040,3287040,0.575653
3290112,3290112,0.542040
3293184,3293184,0.578383
3296256,3296256,0.541292
3299328,3299328,0.559958
3302400,3302400,0.613673
3305472,3305472,0.576973
3308544,3308544,0.577371
3311616,3311616,0.507136
3314688,3314688,0.517665
3317760,3317760,0.525869
3320832,3320832,0.524120
3323904,3323904,0.522103
3326976,3326976,0.570154
3330048,3330048,0.576490
3333120,3333120,0.582401
3336192,3336192,0.575818
3339264,3339264,0.576678
3342336,3342336,0.578845
3345408,3345408,0.480824
3348480,3348480,0.481141
3351552,3351552,0.480526
3354624,3354624,0.551784
3357696,3357696,0.474950
3360768,3360768,0.528048
3363840,3363840,0.601298
3366912,3366912,0.569032
3369984,3369984,0.444853
3373056,3373056,0.588293
3376128,3376128,0.546855
3379200,3379200,0.552338
3382272,3382272,0.555082
3385344,3385344,0.557918
3388416,3388416,0.558673
3391488,3391488,0.557420
3394560,3394560,0.552743
3397632,3397632,0.556022
3400704,3400704,0.548316
3403776,3403776,0.558223
3406848,3406848,0.580903
3409920,3409920,0.568673
3412992,3412992,0.616583
3416064,3416064,0.616578
3419136,3419136,0.623558
3422208,3422208,0.623532
3425280,3425280,0.607212
3428352,3428352,0.618584
3431424,3431424,0.619616
3434496,3434496,0.637885
3437568,3437568,0.668999
3440640,3440640,0.767889
3443712,3443712,0.773268
3446784,3446784,0.781404
3449856,3449856,0.758511
3452928,3452928,0.784398
3456000,3456000,0.805299
3459072,3459072,0.764896
3462144,3462144,0.705312
3465216,3465216,0.794087
3468288,3468288,0.788860
3471360,3471360,0.774244
3474432,3474432,0.665416
3477504,3477504,0.825137
3480576,3480576,0.853586
3483648,3483648,0.822077
3486720,3486720,0.874238
3489792,3489792,0.786956
3492864,3492864,0.843257
3495936,3495936,0.802716
3499008,3499008,0.803546
3502080,3502080,0.811762
3505152,3505152,0.677247
3508224,3508224,0.674817
3511296,3511296,0.780840
3514368,3514368,0.785749
3517440,3517440,0.795858
3520512,3520512,0.721319
3523584,3523584,0.587502
3526656,3526656,0.759649
3529728,3529728,0.801233
3532800,3532800,0.751284
3535872,3535872,0.698828
3538944,3538944,0.770183
3542016,3542016,0.753185
3545088,3545088,0.751725
3548160,3548160,0.758258
3551232,3551232,0.749201
3554304,3554304,0.748707
3557376,3557376,0.701287
3560448,3560448,0.718118
3563520,3563520,0.611417
3566592,3566592,0.617063
3569664,3569664,0.686867
3572736,3572736,0.770237
3575808,3575808,0.675968
3578880,3578880,0.752136
3581952,3581952,0.767271
3585024,3585024,0.683448
3588096,3588096,0.607962
3591168,3591168,0.736577
3594240,3594240,0.794357
3597312,3597312,0.776178
3600384,3600384,0.795140
3603456,3603456,0.896736
3606528,3606528,0.868340
3609600,3609600,0.842516
3612672,3612672,0.677736
3615744,3615744,0.843564
3618816,3618816,0.621577
3621888,3621888,0.543632
3624960,3624960,0.520548
3628032,3628032,0.437862
3631104,3631104,0.406592
3634176,3634176,0.449933
3637248,3637248,0.510664
3640320,3640320,0.539386
3643392,3643392,0.465018
3646464,3646464,0.470205
3649536,3649536,0.540131
3652608,3652608,0.514786
3655680,3655680,0.522818
3658752,3658752,0.542067
3661824,3661824,0.552521
3664896,3664896,0.483075
3667968,3667968,0.504894
3671040,3671040,0.455629
3674112,3674112,0.600672
3677184,3677184,0.594154
3680256,3680256,0.552993
3683328,3683328,0.549904
3686400,3686400,0.503543
3689472,3689472,0.572694
3692544,3692544,0.561487
3695616,3695616,0.520948
3698688,3698688,0.540557
3701760,3701760,0.468678
3704832,3704832,0.325855
3707904,3707904,0.488411
3710976,3710976,0.479389
3714048,3714048,0.393180
3717120,3717120,0.359491
3720192,3720192,0.607679
3723264,3723264,0.509386
3726336,3726336,0.541681
3729408,3729408,0.531884
3732480,3732480,0.570435
3735552,3735552,0.338886
3738624,3738624,0.537433
3741696,3741696,0.536423
3744768,3744768,0.534786
3747840,3747840,0.479029
3750912,3750912,0.600525
3753984,3753984,0.597977
3757056,3757056,0.405184
3760128,3760128,0.332990
3763200,3763200,0.517479
3766272,3766272,0.602917
3769344,3769344,0.506220
3772416,3772416,0.499196
3775488,3775488,0.514143
3778560,3778560,0.564458
3781632,3781632,0.274131
3784704,3784704,0.129421
3787776,3787776,0.125000
3790848,3790848,0.125000
3793920,3793920,0.127743
3796992,3796992,0.217884
3800064,3800064,0.441653
3803136,3803136,0.335344
3806208,3806208,0.391093
3809280,3809280,0.342238
3812352,3812352,0.343267
3815424,3815424,0.398151
3818496,3818496,0.365103
3821568,3821568,0.402513
3824640,3824640,0.378087
3827712,3827712,0.341877
3830784,3830784,0.374678
3833856,3833856,0.335713
3836928,3836928,0.339896
3840000,3840000,0.415740
3843072,3843072,0.365985
3846144,3846144,0.365942
3849216,3849216,0.411070
3852288,3852288,0.379891
3855360,3855360,0.367399
3858432,3858432,0.322518
3861504,3861504,0.323951
3864576,3864576,0.317771
3867648,3867648,0.395008
3870720,3870720,0.352651
3873792,3873792,0.347248
3876864,3876864,0.352901
3879936,3879936,0.387875
3883008,3883008,0.358218
3886080,3886080,0.335557
3889152,3889152,0.416644
3892224,3892224,0.359144
3895296,3895296,0.330657
3898368,3898368,0.369817
3901440,3901440,0.314905
3904512,3904512,0.406382
3907584,3907584,0.392640
3910656,3910656,0.342783
3913728,3913728,0.448154
3916800,3916800,0.424333
3919872,3919872,0.338811
3922944,3922944,0.351817
3926016,3926016,0.344252
3929088,3929088,0.407989
3932160,3932160,0.405264
3935232,3935232,0.382364
3938304,3938304,0.415116
3941376,3941376,0.390033
3944448,3944448,0.385317
3947520,3947520,0.341218
3950592,3950592,0.347034
3953664,3953664,0.429192
3956736,3956736,0.424635
3959808,3959808,0.421514
3962880,3962880,0.391465
3965952,3965952,0.363475
3969024,3969024,0.379873
3972096,3972096,0.372595
3975168,3975168,0.432731
3978240,3978240,0.439000
3981312,3981312,0.377398
3984384,3984384,0.356793
3987456,3987456,0.331824
3990528,3990528,0.367010
3993600,3993600,0.434657
3996672,3996672,0.366901
3999744,3999744,0.354219
4002816,4002816,0.366529
4005888,4005888,0.369068
4008960,4008960,0.358693
4012032,4012032,0.367079
4015104,4015104,0.388252
4018176,4018176,0.355222
4021248,4021248,0.361958
4024320,4024320,0.357814
4027392,4027392,0.366890
4030464,4030464,0.338788
4033536,4033536,0.351483
4036608,4036608,0.388568
4039680,4039680,0.340010
4042752,4042752,0.394080
4045824,4045824,0.383039
4048896,4048896,0.367286
4051968,4051968,0.358926
4055040,4055040,0.372501
4058112,4058112,0.385197
4061184,4061184,0.438174
4064256,4064256,0.641307
4067328,4067328,0.608568
4070400,4070400,0.653920
4073472,4073472,0.591185
4076544,4076544,0.586257
4079616,4079616,0.573117
4082688,4082688,0.584961
4085760,4085760,0.572257
4088832,4088832,0.595050
4091904,4091904,0.586323
4094976,4094976,0.596748
4098048,4098048,0.671406
4101120,4101120,0.623231
4104192,4104192,0.586338
4107264,4107264,0.602559
4110336,4110336,0.685631
4113408,4113408,0.648764
4116480,4116480,0.580494
4119552,4119552,0.600845
4122624,4122624,0.692672
4125696,4125696,0.641463
4128768,4128768,0.674676
4131840,4131840,0.578640
4134912,4134912,0.580009
4137984,4137984,0.588147
4141056,4141056,0.611154
4144128,4144128,0.583446
4147200,4147200,0.591174
4150272,4150272,0.573972
4153344,4153344,0.586381
4156416,4156416,0.577011
4159488,4159488,0.579497
4162560,4162560,0.609732
4165632,4165632,0.577145
4168704,4168704,0.565274
4171776,4171776,0.584167
4174848,4174848,0.616616
4177920,4177920,0.496622
4180992,4180992,0.589752
4184064,4184064,0.592596
4187136,4187136,0.641777
4190208,4190208,0.587256
4193280,4193280,0.578640
4194304,4194304,0.579189
4197376,4197376,0.602912
4200448,4200448,0.592803
4203520,4203520,0.651218
4206592,4206592,0.661247
4209664,4209664,0.601498
4212736,4212736,0.602326
4215808,4215808,0.571194
4218880,4218880,0.650805
4221952,4221952,0.586006
4225024,4225024,0.593870
4228096,4228096,0.584217
4231168,4231168,0.607552
4234240,4234240,0.886289
4237312,4237312,0.579871
4240384,4240384,0.609118
4243456,4243456,0.591278
4246528,4246528,0.578714
4249600,4249600,0.574012
4252672,4252672,0.418984
4255744,4255744,0.553524
4258816,4258816,0.617501
4261888,4261888,0.506128
4264960,4264960,0.479592
4268032,4268032,0.521887
4271104,4271104,0.391047
4274176,4274176,0.224682
4277248,4277248,0.245180
4280320,4280320,0.235482
4283392,4283392,0.397418
4286464,4286464,0.306428
4289536,4289536,0.252227
4292608,4292608,0.159217
4295680,4295680,0.136498
4298752,4298752,0.256734
4301824,4301824,0.264914
4304896,4304896,0.229999
4307968,4307968,0.212400
4311040,4311040,0.197167
4314112,4314112,0.199664
4317184,4317184,0.202793
4320256,4320256,0.164954
4323328,4323328,0.207424
4326400,4326400,0.237289
4329472,4329472,0.233083
4332544,4332544,0.161936
4335616,4335616,0.132487
4338688,4338688,0.343823
4341760,4341760,0.217631
4344832,4344832,0.125000
4347904,4347904,0.125000
4350976,4350976,0.125000
4354048,4354048,0.190926
4357120,4357120,0.622166
4360192,4360192,0.474561
4363264,4363264,0.567863
4366336,4366336,0.584915
4369408,4369408,0.615603
4372480,4372480,0.610781
4375552,4375552,0.579527
4378624,4378624,0.592352
4381696,4381696,0.649804
4384768,4384768,0.537284
4387840,4387840,0.578070
4390912,4390912,0.574081
4393984,4393984,0.565534
4397056,4397056,0.580494
4400128,4400128,0.539511
4403200,4403200,0.577025
4406272,4406272,0.546773
4409344,4409344,0.595184
4412416,4412416,0.597912
4415488,4415488,0.588445
4418560,4418560,0.611174
4421632,4421632,0.596921
4424704,4424704,0.570868
4427776,4427776,0.574499
4430848,4430848,0.570588
4433920,4433920,0.571336
4436992,4436992,0.597030
4440064,4440064,0.572172
4443136,4443136,0.595459
4446208,4446208,0.579598
4449280,4449280,0.564835
4452352,4452352,0.649838
4455424,4455424,0.576339
4458496,4458496,0.589730
4461568,4461568,0.580173
4464640,4464640,0.586929
4467712,4467712,0.599514
4470784,4470784,0.579126
4473856,4473856,0.568283
4476928,4476928,0.359213
4480000,4480000,0.140286
4483072,4483072,0.289579
4486144,4486144,0.523142
4489216,4489216,0.314844
4492288,4492288,0.312792
4495360,4495360,0.550446
4498432,4498432,0.598029
4501504,4501504,0.645811
4504576,4504576,0.569455
4507648,4507648,0.618272
4510720,4510720,0.651177
4513792,4513792,0.650927
4516864,4516864,0.763629
4519936,4519936,0.651166
4523008,4523008,0.623942
4526080,4526080,0.691826
4529152,4529152,0.643875
4532224,4532224,0.682622
4535296,4535296,0.663220
4538368,4538368,0.653507
4541440,4541440,0.684986
4544512,4544512,0.625774
4547584,4547584,0.664701
4550656,4550656,0.597498
4553728,4553728,0.627989
4556800,4556800,0.569906
4559872,4559872,0.653819
4562944,4562944,0.658463
4566016,4566016,0.661126
4569088,4569088,0.678451
4572160,4572160,0.613455
4575232,4575232,0.629761
4578304,4578304,0.649061
4581376,4581376,0.612045
4584448,4584448,0.627483
4587520,4587520,0.617298
4590592,4590592,0.616467
4593664,4593664,0.673660
4596736,4596736,0.644496
4599808,4599808,0.607364
4602880,4602880,0.582439
4605952,4605952,0.612312
4609024,4609024,0.593252
4612096,4612096,0.376566
4615168,4615168,0.496014
4618240,4618240,0.483821
4621312,4621312,0.587480
4624384,4624384,0.605445
4627456,4627456,0.372205
4630528,4630528,0.638459
4633600,4633600,0.458567
4636672,4636672,0.374911
4639744,4639744,0.209296
4642816,4642816,0.211571
4645888,4645888,0.238753
4648960,4648960,0.240008
4652032,4652032,0.240411
4655104,4655104,0.232602
4658176,4658176,0.254696
4661248,4661248,0.268730
4664320,4664320,0.193599
4667392,4667392,0.255351
4670464,4670464,0.229080
4673536,4673536,0.213296
4676608,4676608,0.240946
4679680,4679680,0.255408
4682752,4682752,0.313718
4685824,4685824,0.197672
4688896,4688896,0.193599
4691968,4691968,0.292794
4695040,4695040,0.219899
4698112,4698112,0.212710
4701184,4701184,0.233289
4704256,4704256,0.240595
4707328,4707328,0.201507
4710400,4710400,0.257353
4713472,4713472,0.322040
4716544,4716544,0.559469
4719616,4719616,0.584324
4722688,4722688,0.548942
4725760,4725760,0.603261
4728832,4728832,0.596066
4731904,4731904,0.593524
4734976,4734976,0.593252
4738048,4738048,0.641836
4741120,4741120,0.565556
4744192,4744192,0.604820
4747264,4747264,0.337484
4750336,4750336,0.541470
4753408,4753408,0.606510
4756480,4756480,0.601645
4759552,4759552,0.615199
4762624,4762624,0.599012
4765696,4765696,0.639672
4768768,4768768,0.734217
4771840,4771840,0.738498
4774912,4774912,0.728334
4777984,4777984,0.730021
4781056,4781056,0.739042
4784128,4784128,0.737442
4787200,4787200,0.735083
4790272,4790272,0.732631
4793344,4793344,0.731254
4796416,4796416,0.748098
4799488,4799488,0.730103
4802560,4802560,0.739559
4805632,4805632,0.744863
4808704,4808704,0.751259
4811776,4811776,0.735111
4814848,4814848,0.723576
4817920,4817920,0.695359
4820992,4820992,0.715673
4824064,4824064,0.712367
4827136,4827136,0.699327
4830208,4830208,0.703760
4833280,4833280,0.700292
4836352,4836352,0.696983
4839424,4839424,0.715521
4842496,4842496,0.601741
4845568,4845568,0.618884
4848640,4848640,0.601160
4851712,4851712,0.630411
4854784,4854784,0.629006
4857856,4857856,0.640201
4860928,4860928,0.628633
4864000,4864000,0.643315
4867072,4867072,0.584149
4870144,4870144,0.574746
4873216,4873216,0.589115
4876288,4876288,0.598921
4879360,4879360,0.593900
4882432,4882432,0.603671
4885504,4885504,0.623868
4888576,4888576,0.613486
4891648,4891648,0.622514
4894720,4894720,0.597538
4897792,4897792,0.605579
4900864,4900864,0.621476
4903936,4903936,0.613927
4907008,4907008,0.630935
4910080,4910080,0.627141
4913152,4913152,0.611704
4916224,4916224,0.628416
4919296,4919296,0.614531
4922368,4922368,0.645323
4925440,4925440,0.622199
4928512,4928512,0.602046
4931584,4931584,0.641110
4934656,4934656,0.644816
4937728,4937728,0.646920
4940800,4940800,0.644393
4943872,4943872,0.648924
4946944,4946944,0.652692
4950016,4950016,0.641861
4953088,4953088,0.603626
4956160,4956160,0.622312
4959232,4959232,0.622444
4962304,4962304,0.616800
4965376,4965376,0.638983
4968448,4968448,0.612878
4971520,4971520,0.604507
4974592,4974592,0.620354
4977664,4977664,0.618181
4980736,4980736,0.616044
4983808,4983808,0.620940
4986880,4986880,0.582146
4989952,4989952,0.596721
4993024,4993024,0.628776
4996096,4996096,0.641513
4999168,4999168,0.628404
5002240,5002240,0.618729
5005312,5005312,0.610020
5008384,5008384,0.621526
5011456,5011456,0.630353
5014528,5014528,0.619807
5017600,5017600,0.637001
5020672,5020672,0.612656
5023744,5023744,0.630831
5026816,5026816,0.623740
5029888,5029888,0.608307
5032960,5032960,0.616902
5036032,5036032,0.631276
5039104,5039104,0.627323
5042176,5042176,0.636712
5045248,5045248,0.620934
5048320,5048320,0.624485
5051392,5051392,0.623885
5054464,5054464,0.566726
5057536,5057536,0.623517
5060608,5060608,0.609179
5063680,5063680,0.597227
5066752,5066752,0.645539
5069824,5069824,0.618468
5072896,5072896,0.628061
5075968,5075968,0.640435
5079040,5079040,0.643150
5082112,5082112,0.641514
5085184,5085184,0.629106
5088256,5088256,0.616179
5091328,5091328,0.577564
5094400,5094400,0.626268
5097472,5097472,0.615325
5100544,5100544,0.623271
5103616,5103616,0.631379
5106688,5106688,0.644663
5109760,5109760,0.630046
5112832,5112832,0.642875
5115904,5115904,0.648560
5118976,5118976,0.631032
5122048,5122048,0.632161
5125120,5125120,0.625521
5128192,5128192,0.635678
5131264,5131264,0.613198
5134336,5134336,0.633463
5137408,5137408,0.622687
5140480,5140480,0.623272
5143552,5143552,0.613276
5146624,5146624,0.621983
5149696,5149696,0.631617
5152768,5152768,0.595985
5155840,5155840,0.637869
5158912,5158912,0.627359
5161984,5161984,0.628312
5165056,5165056,0.626069
5168128,5168128,0.619928
5171200,5171200,0.626090
5174272,5174272,0.639861
5177344,5177344,0.613013
5180416,5180416,0.594171
5183488,5183488,0.628692
5186560,5186560,0.634466
5189632,5189632,0.621139
5192704,5192704,0.537006
5195776,5195776,0.169421
5198848,5198848,0.305463
5201920,5201920,0.088162
5204992,5204992,0.112706
5208064,5208064,0.203501
5211136,5211136,0.147844
5214208,5214208,0.101872
5217280,5217280,0.119644
5220352,5220352,0.162004
5223424,5223424,0.155972
5226496,5226496,0.124388
5229568,5229568,0.145031
5232640,5232640,0.156097
5235712,5235712,0.182317
5238784,5238784,0.207549
5241856,5241856,0.233156
5242880,5242880,0.229341
5245952,5245952,0.198704
5249024,5249024,0.138275
5252096,5252096,0.154631
5255168,5255168,0.111021
5258240,5258240,0.123281
5261312,5261312,0.212079
5264384,5264384,0.255057
5267456,5267456,0.187764
5270528,5270528,0.229359
5273600,5273600,0.116862
5276672,5276672,0.169166
5279744,5279744,0.067451
5282816,5282816,0.133975
5285888,5285888,0.157355
5288960,5288960,0.232665
5292032,5292032,0.225820
5295104,5295104,0.164356
5298176,5298176,0.192662
5301248,5301248,0.128584
5304320,5304320,0.162274
5307392,5307392,0.280510
5310464,5310464,0.262266
5313536,5313536,0.284448
5316608,5316608,0.303803
5319680,5319680,0.227205
5322752,5322752,0.182359
5325824,5325824,0.181442
5328896,5328896,0.128517
5331968,5331968,0.200882
5335040,5335040,0.105694
5338112,5338112,0.207563
5341184,5341184,0.348380
5344256,5344256,0.248354
5347328,5347328,0.276379
5350400,5350400,0.145054
5353472,5353472,0.206263
5356544,5356544,0.189982
5359616,5359616,0.200319
5362688,5362688,0.149887
5365760,5365760,0.108394
5368832,5368832,0.101184
5371904,5371904,0.241773
5374976,5374976,0.128104
5378048,5378048,0.182019
5381120,5381120,0.187151
5384192,5384192,0.246020
5387264,5387264,0.097160
5390336,5390336,0.220349
5393408,5393408,0.149186
5396480,5396480,0.170316
5399552,5399552,0.105676
5402624,5402624,0.279614
5405696,5405696,0.156332
5408768,5408768,0.183937
5411840,5411840,0.228028
5414912,5414912,0.200418
5417984,5417984,0.128365
5421056,5421056,0.130042
5424128,5424128,0.277406
5427200,5427200,0.149822
5430272,5430272,0.200110
5433344,5433344,0.264842
5436416,5436416,0.130822
5439488,5439488,0.103477
5442560,5442560,0.098825
5445632,5445632,0.103678
5448704,5448704,0.102963
5451776,5451776,0.110533
5454848,5454848,0.100823
5457920,5457920,0.223980
5460992,5460992,0.146038
5464064,5464064,0.128273
5467136,5467136,0.127901
5470208,5470208,0.275886
5473280,5473280,0.202706
5476352,5476352,0.163941
5479424,5479424,0.081017
5482496,5482496,0.081228
5485568,5485568,0.344337
5488640,5488640,0.232885
